cardId,gameType,exposureCount,infoGain,semanticType,topic,socialEnergy,relationshipProgression
"PN-EITHER-001","either_or","541","中","自我披露","性格/习惯/小癖好","中","中"
"PN-EITHER-003","either_or","539","高","自我披露","生活方式","中","中"
"PN-EITHER-004","either_or","538","中","自我披露","性格/习惯/小癖好","中","中"
"PN-EITHER-002","either_or","534","中","自我披露","生活方式","中","中"
"PN-EITHER-007","either_or","532","中","自我披露","性格/习惯/小癖好","中","低"
"PN-EITHER-005","either_or","531","中","自我披露","性格/习惯/小癖好","中","低"
"PN-NHIE-001","never_have_i","527","低","自我披露","性格/习惯/小癖好","中","低"
"PN-EITHER-008","either_or","525","中","自我披露","性格/习惯/小癖好","中","中"
"PN-EITHER-006","either_or","515","中","自我披露","性格/习惯/小癖好","中","低"
"PN-NHIE-002","never_have_i","514","低","自我披露","性格/习惯/小癖好","中","低"
"PN-NHIE-008","never_have_i","506","低","自我披露","性格/习惯/小癖好","中","低"
"PN-NHIE-007","never_have_i","505","低","自我披露","性格/习惯/小癖好","中","低"
"PN-NHIE-005","never_have_i","502","低","自我披露","性格/习惯/小癖好","中","低"
"PN-NHIE-004","never_have_i","494","低","自我披露","性格/习惯/小癖好","中","低"
"PN-NHIE-006","never_have_i","487","低","自我披露","性格/习惯/小癖好","中","低"
"PN-NHIE-003","never_have_i","472","低","自我披露","性格/习惯/小癖好","中","低"
"PN-CHEM-008","chemistry","457","中","相互了解","性格/习惯/小癖好","中","中"
"PN-CHEM-001","chemistry","451","低","相互了解","现场化学反应","中","中"
"PN-CHEM-003","chemistry","447","中","相互了解","性格/习惯/小癖好","中","中"
"PN-CHEM-006","chemistry","447","中","相互了解","性格/习惯/小癖好","中","中"
"PN-CHEM-002","chemistry","430","中","相互了解","生活方式","中","中"
"PN-CHEM-007","chemistry","424","中","相互了解","性格/习惯/小癖好","中","中"
"PN-CHEM-005","chemistry","416","中","相互了解","性格/习惯/小癖好","中","中"
"PN-CHEM-004","chemistry","414","中","相互了解","性格/习惯/小癖好","中","中"
"PN-MOST-008","most_likely","413","低","现场评价/猜测","现场化学反应","高","高"
"PN-MOST-007","most_likely","410","低","现场评价/猜测","现场化学反应","高","高"
"PN-EITHER-011","either_or","410","中","自我披露","择偶偏好/吸引力","中","中"
"PN-POINT-006","pointing","410","低","现场评价/猜测","现场化学反应","高","中"
"PN-POINT-007","pointing","409","低","现场评价/猜测","现场化学反应","高","中"
"PN-MOST-003","most_likely","401","低","现场评价/猜测","现场化学反应","中","中"
"PN-POINT-004","pointing","401","低","现场评价/猜测","现场化学反应","中","中"
"PN-MOST-001","most_likely","399","低","现场评价/猜测","现场化学反应","高","高"
"PN-MOST-006","most_likely","394","低","现场评价/猜测","现场化学反应","中","中"
"PN-POINT-008","pointing","391","低","现场评价/猜测","现场化学反应","高","中"
"PN-POINT-005","pointing","389","低","现场评价/猜测","现场化学反应","中","中"
"PN-POINT-003","pointing","388","低","现场评价/猜测","现场化学反应","高","中"
"PN-MOST-002","most_likely","387","低","现场评价/猜测","现场化学反应","高","高"
"PN-EITHER-015","either_or","387","中","自我披露","择偶偏好/吸引力","中","中"
"PN-EITHER-016","either_or","386","高","自我披露","生活方式","中","中"
"PN-EITHER-017","either_or","381","高","自我披露","恋爱观","高","高"
"PN-EITHER-014","either_or","381","高","自我披露","生活方式","中","中"
"PN-EITHER-010","either_or","379","中","自我披露","择偶偏好/吸引力","中","中"
"PN-MOST-005","most_likely","378","低","现场评价/猜测","现场化学反应","高","高"
"PN-POINT-002","pointing","378","低","现场评价/猜测","现场化学反应","高","中"
"PN-POINT-001","pointing","378","低","现场评价/猜测","现场化学反应","高","中"
"PN-MOST-004","most_likely","377","低","现场评价/猜测","现场化学反应","高","高"
"PN-EITHER-013","either_or","372","中","自我披露","生活方式","中","中"
"PN-EITHER-018","either_or","371","高","自我披露","恋爱观","中","高"
"PN-EITHER-009","either_or","369","中","自我披露","择偶偏好/吸引力","中","中"
"PN-NHIE-013","never_have_i","369","中","自我披露","择偶偏好/吸引力","高","中"
"PN-EITHER-012","either_or","366","中","自我披露","择偶偏好/吸引力","中","中"
"PN-NHIE-017","never_have_i","365","高","自我披露","择偶偏好/吸引力","中","中"
"PN-NHIE-018","never_have_i","361","低","自我披露","现场化学反应","中","中"
"PN-NHIE-011","never_have_i","358","中","自我披露","择偶偏好/吸引力","中","中"
"PN-NHIE-016","never_have_i","354","低","自我披露","性格/习惯/小癖好","中","中"
"PN-NHIE-015","never_have_i","352","低","自我披露","现场化学反应","中","中"
"PN-NHIE-010","never_have_i","347","低","自我披露","择偶偏好/吸引力","中","中"
"PN-NHIE-012","never_have_i","347","中","自我披露","择偶偏好/吸引力","高","中"
"PN-NHIE-009","never_have_i","339","中","自我披露","择偶偏好/吸引力","高","中"
"PN-NHIE-014","never_have_i","336","中","自我披露","性格/习惯/小癖好","中","中"
"PN-EITHER-022","either_or","314","高","自我披露","恋爱观","高","高"
"PN-CHEM-010","chemistry","311","中","相互了解","兴趣爱好","中","中"
"PN-EITHER-029","either_or","310","高","自我披露","恋爱观","中","高"
"PN-CHEM-016","chemistry","300","中","相互了解","恋爱观","中","高"
"PN-EITHER-028","either_or","300","中","自我披露","亲密/性观念","中","中"
"PN-EITHER-021","either_or","298","中","自我披露","择偶偏好/吸引力","中","中"
"PN-CHEM-018","chemistry","296","中","相互了解","性格/习惯/小癖好","中","中"
"PN-CHEM-011","chemistry","295","中","相互了解","择偶偏好/吸引力","中","中"
"PN-NHIE-023","never_have_i","295","低","自我披露","现场化学反应","中","中"
"PN-EITHER-024","either_or","294","中","自我披露","恋爱观","中","中"
"PN-TRUTH-009","truth","293","低","现场评价/猜测","现场化学反应","中","中"
"PN-CHEM-012","chemistry","291","中","相互了解","性格/习惯/小癖好","中","中"
"PN-EITHER-026","either_or","291","中","自我披露","择偶偏好/吸引力","中","中"
"PN-CHEM-017","chemistry","290","高","相互了解","生活方式","中","高"
"PN-TRUTH-005","truth","289","低","现场评价/猜测","现场化学反应","中","中"
"PN-CHEM-014","chemistry","287","中","相互了解","恋爱观","中","高"
"PN-CHEM-009","chemistry","287","中","相互了解","性格/习惯/小癖好","中","中"
"PN-EITHER-030","either_or","287","高","自我披露","恋爱观","中","高"
"PN-EITHER-020","either_or","287","中","自我披露","恋爱观","中","中"
"PN-EITHER-027","either_or","285","高","自我披露","恋爱观","中","高"
"PN-CHEM-013","chemistry","284","中","相互了解","性格/习惯/小癖好","中","高"
"PN-EITHER-019","either_or","284","高","自我披露","恋爱观","高","高"
"PN-EITHER-025","either_or","284","高","自我披露","恋爱观","中","高"
"PN-MOST-017","most_likely","282","低","现场评价/猜测","现场化学反应","高","高"
"PN-NHIE-022","never_have_i","282","低","自我披露","现场化学反应","高","中"
"PN-EITHER-023","either_or","281","高","自我披露","择偶偏好/吸引力","高","高"
"PN-NHIE-020","never_have_i","279","低","自我披露","择偶偏好/吸引力","高","高"
"PN-TRUTH-008","truth","278","低","现场评价/猜测","现场化学反应","高","中"
"PN-MOST-010","most_likely","277","低","现场评价/猜测","现场化学反应","高","高"
"PN-TRUTH-003","truth","274","低","现场评价/猜测","现场化学反应","中","中"
"PN-NHIE-027","never_have_i","273","低","自我披露","现场化学反应","高","中"
"PN-CHEM-015","chemistry","272","中","相互了解","性格/习惯/小癖好","中","中"
"PN-TRUTH-007","truth","272","低","现场评价/猜测","现场化学反应","中","中"
"PN-POINT-012","pointing","272","低","现场评价/猜测","现场化学反应","中","中"
"PN-MOST-018","most_likely","271","低","现场评价/猜测","现场化学反应","高","高"
"PN-POINT-011","pointing","271","低","现场评价/猜测","现场化学反应","高","中"
"PN-POINT-018","pointing","271","低","现场评价/猜测","现场化学反应","高","中"
"PN-DARE-001","dare","270","低","自我披露","现场化学反应","中","中"
"PN-POINT-013","pointing","270","低","现场评价/猜测","现场化学反应","中","中"
"PN-NHIE-025","never_have_i","270","低","自我披露","性格/习惯/小癖好","高","中"
"PN-TRUTH-006","truth","268","中","现场评价/猜测","性格/习惯/小癖好","中","中"
"PN-DARE-004","dare","268","低","相互了解","现场化学反应","中","高"
"PN-TRUTH-001","truth","267","低","现场评价/猜测","现场化学反应","高","中"
"PN-MOST-012","most_likely","267","低","现场评价/猜测","现场化学反应","高","高"
"PN-DARE-008","dare","267","低","自我披露","现场化学反应","中","中"
"PN-MOST-013","most_likely","266","低","现场评价/猜测","现场化学反应","高","高"
"PN-POINT-015","pointing","266","低","现场评价/猜测","现场化学反应","中","中"
"PN-NHIE-026","never_have_i","266","中","自我披露","性格/习惯/小癖好","高","中"
"PN-DARE-002","dare","265","0","行动互动","无明确人物信息增量","中","中"
"PN-NHIE-024","never_have_i","265","中","自我披露","性格/习惯/小癖好","高","中"
"PN-DARE-003","dare","264","0","行动互动","无明确人物信息增量","低","低"
"PN-DARE-005","dare","264","0","行动互动","无明确人物信息增量","中","中"
"PN-POINT-010","pointing","264","低","现场评价/猜测","择偶偏好/吸引力","高","中"
"PN-NHIE-029","never_have_i","264","低","自我披露","现场化学反应","中","中"
"PN-NHIE-030","never_have_i","264","中","自我披露","恋爱观","高","高"
"PN-TRUTH-002","truth","264","低","现场评价/猜测","现场化学反应","高","中"
"PN-DARE-006","dare","263","低","自我披露","现场化学反应","中","中"
"PN-DARE-007","dare","261","0","行动互动","无明确人物信息增量","中","中"
"PN-POINT-017","pointing","261","低","现场评价/猜测","现场化学反应","高","中"
"PN-TRUTH-010","truth","260","低","现场评价/猜测","现场化学反应","中","高"
"PN-TRUTH-004","truth","259","低","现场评价/猜测","现场化学反应","中","中"
"PN-MOST-016","most_likely","258","低","现场评价/猜测","现场化学反应","高","高"
"PN-MOST-015","most_likely","258","低","现场评价/猜测","现场化学反应","高","高"
"PN-NHIE-019","never_have_i","258","中","自我披露","性格/习惯/小癖好","高","高"
"PN-NHIE-021","never_have_i","258","中","自我披露","性格/习惯/小癖好","高","中"
"PN-POINT-009","pointing","257","低","现场评价/猜测","现场化学反应","高","中"
"PN-POINT-014","pointing","257","低","现场评价/猜测","现场化学反应","高","中"
"PN-NHIE-028","never_have_i","256","低","自我披露","现场化学反应","中","中"
"PN-MOST-009","most_likely","254","低","现场评价/猜测","现场化学反应","高","高"
"PN-POINT-016","pointing","254","低","现场评价/猜测","现场化学反应","高","中"
"PN-CHEM-025","chemistry","253","高","相互了解","择偶偏好/吸引力","中","高"
"PN-MOST-014","most_likely","252","低","现场评价/猜测","现场化学反应","高","高"
"PN-CHEM-028","chemistry","248","高","相互了解","择偶偏好/吸引力","中","高"
"PN-CHEM-020","chemistry","245","高","相互了解","择偶偏好/吸引力","中","高"
"PN-CHEM-030","chemistry","245","高","相互了解","生活方式","中","高"
"PN-CHEM-029","chemistry","241","高","相互了解","恋爱观","中","高"
"PN-CHEM-023","chemistry","241","高","相互了解","择偶偏好/吸引力","中","高"
"PN-CHEM-022","chemistry","240","高","相互了解","生活方式","中","高"
"PN-CHEM-026","chemistry","237","高","相互了解","生活方式","中","高"
"PN-CHEM-019","chemistry","236","中","相互了解","性格/习惯/小癖好","中","中"
"PN-MOST-011","most_likely","234","低","现场评价/猜测","现场化学反应","高","高"
"PN-DARE-013","dare","232","中","自我披露","生活方式","中","中"
"PN-CHEM-027","chemistry","232","高","相互了解","恋爱观","中","高"
"PN-CHEM-021","chemistry","232","中","相互了解","生活方式","中","中"
"PN-CHEM-024","chemistry","226","中","相互了解","恋爱观","中","高"
"PN-DARE-015","dare","224","低","自我披露","现场化学反应","中","低"
"PN-DARE-014","dare","221","低","行动互动","现场化学反应","高","中"
"PN-TRUTH-016","truth","218","低","现场评价/猜测","现场化学反应","中","高"
"PN-DARE-017","dare","217","0","行动互动","无明确人物信息增量","中","中"
"PN-TRUTH-015","truth","217","低","现场评价/猜测","现场化学反应","中","中"
"PN-DARE-016","dare","215","0","行动互动","无明确人物信息增量","高","中"
"PN-TRUTH-023","truth","214","高","现场评价/猜测","择偶偏好/吸引力","中","高"
"PN-TRUTH-011","truth","214","低","现场评价/猜测","现场化学反应","中","高"
"PN-TRUTH-017","truth","214","中","现场评价/猜测","恋爱观","高","中"
"PN-DARE-012","dare","214","0","行动互动","无明确人物信息增量","中","中"
"PN-TRUTH-022","truth","213","低","现场评价/猜测","现场化学反应","高","高"
"PN-DARE-026","dare","211","中","暧昧推进","择偶偏好/吸引力","高","高"
"PN-DARE-020","dare","210","低","暧昧推进","现场化学反应","高","高"
"PN-DARE-019","dare","210","中","暧昧推进","择偶偏好/吸引力","高","高"
"PN-DARE-023","dare","208","低","暧昧推进","现场化学反应","中","高"
"PN-DARE-022","dare","207","0","纯看戏/低信息","现场化学反应","高","中"
"PN-DARE-010","dare","205","0","行动互动","无明确人物信息增量","中","中"
"PN-TRUTH-018","truth","204","低","现场评价/猜测","性格/习惯/小癖好","中","中"
"PN-DARE-029","dare","203","中","暧昧推进","亲密/性观念","高","高"
"PN-DARE-018","dare","203","中","自我披露","生活方式","中","中"
"PN-TRUTH-012","truth","202","中","自我披露","性格/习惯/小癖好","中","中"
"PN-TRUTH-029","truth","202","中","自我披露","性格/习惯/小癖好","中","中"
"PN-CHEM-038","chemistry","202","低","暧昧推进","现场化学反应","低","高"
"PN-DARE-011","dare","202","0","纯看戏/低信息","无明确人物信息增量","中","中"
"PN-TRUTH-014","truth","201","低","现场评价/猜测","现场化学反应","中","中"
"PN-POINT-033","pointing","201","低","现场评价/猜测","现场化学反应","高","高"
"PN-EITHER-034","either_or","201","中","暧昧推进","恋爱观","中","高"
"PN-DARE-028","dare","200","低","暧昧推进","现场化学反应","高","高"
"PN-MOST-024","most_likely","200","低","现场评价/猜测","现场化学反应","高","高"
"PN-EITHER-042","either_or","200","低","暧昧推进","现场化学反应","中","高"
"PN-TRUTH-013","truth","199","中","相互了解","兴趣爱好","中","高"
"PN-MOST-021","most_likely","199","低","现场评价/猜测","现场化学反应","高","高"
"PN-EITHER-037","either_or","199","低","暧昧推进","现场化学反应","高","高"
"PN-EITHER-040","either_or","199","低","暧昧推进","现场化学反应","高","高"
"PN-MOST-025","most_likely","198","低","现场评价/猜测","现场化学反应","高","高"
"PN-MOST-022","most_likely","198","低","现场评价/猜测","现场化学反应","高","高"
"PN-EITHER-032","either_or","198","中","暧昧推进","择偶偏好/吸引力","中","中"
"PN-CHEM-036","chemistry","198","低","暧昧推进","现场化学反应","低","高"
"PN-CHEM-033","chemistry","198","低","暧昧推进","现场化学反应","低","高"
"PN-TRUTH-019","truth","197","低","现场评价/猜测","现场化学反应","中","中"
"PN-TRUTH-025","truth","196","低","现场评价/猜测","现场化学反应","高","中"
"PN-POINT-028","pointing","196","低","现场评价/猜测","现场化学反应","高","中"
"PN-CHEM-037","chemistry","195","低","暧昧推进","现场化学反应","低","高"
"PN-DARE-024","dare","194","中","暧昧推进","择偶偏好/吸引力","中","高"
"PN-EITHER-041","either_or","194","低","暧昧推进","现场化学反应","高","高"
"PN-EITHER-038","either_or","194","高","暧昧推进","亲密/性观念","高","高"
"PN-POINT-031","pointing","194","低","现场评价/猜测","现场化学反应","高","高"
"PN-POINT-029","pointing","194","低","现场评价/猜测","现场化学反应","高","高"
"PN-CHEM-032","chemistry","194","低","暧昧推进","现场化学反应","低","高"
"PN-CHEM-035","chemistry","194","低","暧昧推进","现场化学反应","低","高"
"PN-EITHER-031","either_or","193","低","暧昧推进","现场化学反应","高","高"
"PN-POINT-025","pointing","193","低","现场评价/猜测","现场化学反应","高","中"
"PN-POINT-024","pointing","193","低","现场评价/猜测","现场化学反应","高","中"
"PN-POINT-020","pointing","192","低","现场评价/猜测","择偶偏好/吸引力","高","中"
"PN-MOST-030","most_likely","192","低","现场评价/猜测","现场化学反应","高","高"
"PN-DARE-009","dare","192","低","现场评价/猜测","现场化学反应","高","高"
"PN-CHEM-031","chemistry","192","低","暧昧推进","现场化学反应","低","高"
"PN-MOST-033","most_likely","191","低","现场评价/猜测","现场化学反应","高","高"
"PN-DARE-027","dare","191","0","行动互动","无明确人物信息增量","中","中"
"PN-TRUTH-021","truth","191","低","现场评价/猜测","现场化学反应","高","高"
"PN-POINT-034","pointing","191","低","现场评价/猜测","现场化学反应","高","高"
"PN-POINT-021","pointing","191","低","现场评价/猜测","现场化学反应","中","中"
"PN-CHEM-039","chemistry","191","低","暧昧推进","现场化学反应","低","高"
"PN-TRUTH-028","truth","190","低","现场评价/猜测","现场化学反应","高","高"
"PN-EITHER-036","either_or","190","低","暧昧推进","现场化学反应","中","中"
"PN-EITHER-035","either_or","190","中","暧昧推进","择偶偏好/吸引力","中","中"
"PN-MOST-034","most_likely","190","低","现场评价/猜测","现场化学反应","高","高"
"PN-MOST-026","most_likely","189","低","现场评价/猜测","现场化学反应","高","高"
"PN-TRUTH-026","truth","189","低","现场评价/猜测","现场化学反应","高","中"
"PN-POINT-030","pointing","189","低","现场评价/猜测","现场化学反应","高","高"
"PN-CHEM-034","chemistry","189","低","暧昧推进","现场化学反应","低","高"
"PN-TRUTH-030","truth","187","高","现场评价/猜测","择偶偏好/吸引力","中","高"
"PN-DARE-030","dare","187","低","暧昧推进","现场化学反应","中","高"
"PN-TRUTH-020","truth","187","低","自我披露","现场化学反应","中","中"
"PN-EITHER-033","either_or","187","中","暧昧推进","亲密/性观念","中","中"
"PN-POINT-022","pointing","186","低","现场评价/猜测","现场化学反应","高","中"
"PN-TRUTH-024","truth","185","低","现场评价/猜测","现场化学反应","高","中"
"PN-MOST-023","most_likely","184","低","现场评价/猜测","现场化学反应","高","高"
"PN-DARE-025","dare","184","0","行动互动","无明确人物信息增量","中","中"
"PN-POINT-027","pointing","184","低","现场评价/猜测","现场化学反应","高","中"
"PN-DARE-021","dare","181","0","行动互动","无明确人物信息增量","低","低"
"PN-POINT-032","pointing","181","低","现场评价/猜测","现场化学反应","高","高"
"PN-POINT-019","pointing","180","低","现场评价/猜测","现场化学反应","高","中"
"PN-POINT-026","pointing","180","低","现场评价/猜测","现场化学反应","高","中"
"PN-MOST-028","most_likely","180","低","现场评价/猜测","现场化学反应","高","高"
"PN-TRUTH-027","truth","180","低","现场评价/猜测","现场化学反应","高","中"
"PN-CHEM-040","chemistry","180","高","相互了解","恋爱观","中","高"
"PN-MOST-029","most_likely","178","低","现场评价/猜测","现场化学反应","高","高"
"PN-MOST-027","most_likely","178","低","现场评价/猜测","现场化学反应","高","高"
"PN-MOST-019","most_likely","176","低","现场评价/猜测","现场化学反应","高","高"
"PN-EITHER-039","either_or","176","中","暧昧推进","亲密/性观念","高","高"
"PN-POINT-023","pointing","175","低","现场评价/猜测","现场化学反应","高","中"
"PN-MOST-020","most_likely","174","低","现场评价/猜测","现场化学反应","高","高"
"PN-MOST-031","most_likely","172","低","现场评价/猜测","现场化学反应","高","高"
"PN-MOST-032","most_likely","169","低","现场评价/猜测","现场化学反应","高","高"
"PN-TRUTH-033","truth","150","低","现场评价/猜测","现场化学反应","高","高"
"PN-TRUTH-031","truth","148","低","暧昧推进","择偶偏好/吸引力","高","高"
"PN-DARE-034","dare","147","低","暧昧推进","现场化学反应","高","高"
"PN-TRUTH-038","truth","147","低","暧昧推进","现场化学反应","中","高"
"PN-NHIE-050","never_have_i","146","低","暧昧推进","现场化学反应","中","高"
"PN-DARE-036","dare","144","低","暧昧推进","现场化学反应","中","高"
"PN-DARE-039","dare","142","中","暧昧推进","择偶偏好/吸引力","高","高"
"PN-TRUTH-034","truth","136","中","自我披露","性格/习惯/小癖好","中","高"
"PN-DARE-035","dare","136","低","暧昧推进","亲密/性观念","高","高"
"PN-NHIE-042","never_have_i","135","低","暧昧推进","现场化学反应","中","中"
"PN-DARE-037","dare","135","低","暧昧推进","现场化学反应","高","高"
"PN-TRUTH-039","truth","135","低","暧昧推进","现场化学反应","高","高"
"PN-DARE-040","dare","134","低","暧昧推进","亲密/性观念","高","高"
"PN-TRUTH-035","truth","134","低","现场评价/猜测","现场化学反应","高","高"
"PN-TRUTH-032","truth","133","中","现场评价/猜测","择偶偏好/吸引力","高","高"
"PN-TRUTH-040","truth","133","低","暧昧推进","现场化学反应","高","高"
"PN-DARE-032","dare","133","中","暧昧推进","择偶偏好/吸引力","中","高"
"PN-DARE-033","dare","129","中","暧昧推进","亲密/性观念","中","高"
"PN-NHIE-044","never_have_i","129","中","暧昧推进","择偶偏好/吸引力","中","中"
"PN-NHIE-040","never_have_i","129","低","暧昧推进","现场化学反应","中","高"
"PN-POINT-038","pointing","128","低","现场评价/猜测","择偶偏好/吸引力","高","高"
"PN-TRUTH-037","truth","127","中","暧昧推进","生活方式","高","高"
"PN-DARE-031","dare","127","低","暧昧推进","现场化学反应","高","高"
"PN-POINT-036","pointing","126","低","现场评价/猜测","择偶偏好/吸引力","中","高"
"PN-NHIE-045","never_have_i","126","低","暧昧推进","现场化学反应","中","中"
"PN-DARE-038","dare","125","中","暧昧推进","亲密/性观念","高","高"
"PN-POINT-044","pointing","124","低","现场评价/猜测","择偶偏好/吸引力","中","高"
"PN-MOST-046","most_likely","122","低","现场评价/猜测","现场化学反应","高","高"
"PN-MOST-049","most_likely","122","低","现场评价/猜测","现场化学反应","高","高"
"PN-POINT-047","pointing","120","低","现场评价/猜测","择偶偏好/吸引力","高","高"
"PN-NHIE-039","never_have_i","120","低","暧昧推进","现场化学反应","中","高"
"PN-NHIE-048","never_have_i","120","低","暧昧推进","现场化学反应","中","中"
"PN-MOST-043","most_likely","119","低","现场评价/猜测","现场化学反应","高","高"
"PN-POINT-035","pointing","119","低","现场评价/猜测","择偶偏好/吸引力","高","高"
"PN-MOST-035","most_likely","119","低","现场评价/猜测","现场化学反应","高","高"
"PN-NHIE-037","never_have_i","118","低","暧昧推进","现场化学反应","中","中"
"PN-MOST-038","most_likely","117","低","现场评价/猜测","现场化学反应","高","高"
"PN-MOST-036","most_likely","117","低","现场评价/猜测","现场化学反应","高","高"
"PN-POINT-048","pointing","117","低","现场评价/猜测","择偶偏好/吸引力","高","高"
"PN-POINT-037","pointing","117","低","现场评价/猜测","择偶偏好/吸引力","高","高"
"PN-POINT-041","pointing","116","低","现场评价/猜测","择偶偏好/吸引力","高","高"
"PN-NHIE-032","never_have_i","116","低","暧昧推进","现场化学反应","中","高"
"PN-NHIE-049","never_have_i","116","低","暧昧推进","现场化学反应","中","高"
"PN-POINT-046","pointing","115","低","现场评价/猜测","择偶偏好/吸引力","中","高"
"PN-POINT-039","pointing","115","低","现场评价/猜测","择偶偏好/吸引力","高","高"
"PN-NHIE-043","never_have_i","115","低","暧昧推进","现场化学反应","中","中"
"PN-MOST-047","most_likely","114","低","现场评价/猜测","现场化学反应","高","高"
"PN-NHIE-033","never_have_i","114","低","暧昧推进","现场化学反应","中","中"
"PN-NHIE-038","never_have_i","114","低","暧昧推进","现场化学反应","中","中"
"PN-NHIE-031","never_have_i","114","低","暧昧推进","现场化学反应","中","高"
"PN-MOST-041","most_likely","114","低","现场评价/猜测","现场化学反应","高","高"
"PN-MOST-048","most_likely","114","低","现场评价/猜测","现场化学反应","高","高"
"PN-MOST-040","most_likely","113","低","现场评价/猜测","现场化学反应","高","高"
"PN-POINT-043","pointing","113","低","现场评价/猜测","择偶偏好/吸引力","高","高"
"PN-POINT-049","pointing","112","低","现场评价/猜测","择偶偏好/吸引力","高","高"
"PN-NHIE-047","never_have_i","112","中","暧昧推进","择偶偏好/吸引力","中","中"
"PN-MOST-044","most_likely","111","低","现场评价/猜测","现场化学反应","高","高"
"PN-POINT-042","pointing","111","低","现场评价/猜测","择偶偏好/吸引力","高","高"
"PN-NHIE-036","never_have_i","111","低","暧昧推进","现场化学反应","中","中"
"PN-TRUTH-036","truth","111","低","暧昧推进","现场化学反应","高","高"
"PN-POINT-040","pointing","110","低","现场评价/猜测","择偶偏好/吸引力","中","高"
"PN-MOST-042","most_likely","109","低","现场评价/猜测","现场化学反应","高","高"
"PN-MOST-045","most_likely","108","低","现场评价/猜测","现场化学反应","高","高"
"PN-MOST-037","most_likely","108","低","现场评价/猜测","现场化学反应","高","高"
"PN-POINT-050","pointing","108","低","现场评价/猜测","择偶偏好/吸引力","中","高"
"PN-NHIE-034","never_have_i","108","低","暧昧推进","现场化学反应","中","中"
"PN-POINT-045","pointing","107","低","现场评价/猜测","择偶偏好/吸引力","高","高"
"PN-MOST-039","most_likely","106","低","现场评价/猜测","现场化学反应","高","高"
"PN-MOST-050","most_likely","104","低","现场评价/猜测","现场化学反应","高","高"
"PN-NHIE-046","never_have_i","103","低","暧昧推进","现场化学反应","中","中"
"PN-NHIE-041","never_have_i","103","低","暧昧推进","现场化学反应","中","高"
"PN-NHIE-035","never_have_i","100","低","暧昧推进","现场化学反应","中","中"
